Date,Year,Month,DayOfYear,Total,BPD,BFD,EMS
11/01/2010,2010,11,305,2603,1969,259,375
11/02/2010,2010,11,306,2414,1852,206,356
11/03/2010,2010,11,307,2487,1872,235,380
11/04/2010,2010,11,308,2328,1695,241,392
11/05/2010,2010,11,309,2478,1915,225,338
11/06/2010,2010,11,310,2297,1770,208,319
11/07/2010,2010,11,311,2113,1561,183,369
11/08/2010,2010,11,312,2542,1910,258,374
11/09/2010,2010,11,313,2523,1961,227,335
11/10/2010,2010,11,314,2496,1892,230,374
11/11/2010,2010,11,315,2108,1622,164,322
11/12/2010,2010,11,316,2665,2032,254,379
11/13/2010,2010,11,317,2443,1812,244,387
11/14/2010,2010,11,318,2136,1592,187,357
11/15/2010,2010,11,319,2367,1750,231,386
11/16/2010,2010,11,320,2500,1880,237,383
11/17/2010,2010,11,321,2463,1849,243,371
11/18/2010,2010,11,322,2533,1955,198,380
11/19/2010,2010,11,323,2631,1975,245,411
11/20/2010,2010,11,324,2324,1778,185,361
11/21/2010,2010,11,325,2020,1467,185,368
11/22/2010,2010,11,326,2431,1875,208,348
11/23/2010,2010,11,327,2489,1920,203,366
11/24/2010,2010,11,328,2217,1682,196,339
11/25/2010,2010,11,329,1413,907,215,291
11/26/2010,2010,11,330,1935,1436,169,330
11/27/2010,2010,11,331,2080,1555,193,332
11/28/2010,2010,11,332,1862,1401,169,292
11/29/2010,2010,11,333,2318,1687,257,374
11/30/2010,2010,11,334,2400,1798,220,382
12/01/2010,2010,12,335,2497,1927,212,358
12/02/2010,2010,12,336,2483,1887,230,366
12/03/2010,2010,12,337,2577,1976,221,380
12/04/2010,2010,12,338,2176,1635,188,353
12/05/2010,2010,12,339,1985,1500,175,310
12/06/2010,2010,12,340,2198,1612,225,361
12/07/2010,2010,12,341,2306,1727,216,363
12/08/2010,2010,12,342,2324,1788,199,337
12/09/2010,2010,12,343,2394,1789,229,376
12/10/2010,2010,12,344,2447,1813,264,370
12/11/2010,2010,12,345,2248,1591,256,401
12/12/2010,2010,12,346,1910,1332,218,360
12/13/2010,2010,12,347,2311,1745,223,343
12/14/2010,2010,12,348,2289,1762,176,351
12/15/2010,2010,12,349,2334,1733,228,373
12/16/2010,2010,12,350,2232,1704,194,334
12/17/2010,2010,12,351,2504,1852,228,424
12/18/2010,2010,12,352,2267,1685,210,372
12/19/2010,2010,12,353,1959,1439,201,319
12/20/2010,2010,12,354,2646,1888,303,455
12/21/2010,2010,12,355,2355,1767,215,373
12/22/2010,2010,12,356,2456,1870,205,381
12/23/2010,2010,12,357,2302,1738,207,357
12/24/2010,2010,12,358,1787,1286,181,320
12/25/2010,2010,12,359,1086,706,148,232
12/26/2010,2010,12,360,1533,1064,175,294
12/27/2010,2010,12,361,1862,1231,240,391
12/28/2010,2010,12,362,2228,1578,266,384
12/29/2010,2010,12,363,2215,1623,208,384
12/30/2010,2010,12,364,2237,1646,205,386
12/31/2010,2010,12,365,2291,1660,229,402
01/01/2011,2011,1,1,2517,1823,218,476
01/02/2011,2011,1,2,1796,1303,169,324
01/03/2011,2011,1,3,2258,1656,224,378
01/04/2011,2011,1,4,2348,1768,205,375
01/05/2011,2011,1,5,2195,1699,174,322
01/06/2011,2011,1,6,2355,1810,203,342
01/07/2011,2011,1,7,2449,1904,202,343
01/08/2011,2011,1,8,1878,1365,185,328
01/09/2011,2011,1,9,1779,1299,146,334
01/10/2011,2011,1,10,2229,1738,164,327
01/11/2011,2011,1,11,2410,1826,227,357
01/12/2011,2011,1,12,2975,1995,642,338
01/13/2011,2011,1,13,2383,1736,292,355
01/14/2011,2011,1,14,2443,1832,242,369
01/15/2011,2011,1,15,2232,1663,218,351
01/16/2011,2011,1,16,1895,1367,193,335
01/17/2011,2011,1,17,1992,1537,175,280
01/18/2011,2011,1,18,2526,1819,303,404
01/19/2011,2011,1,19,2653,2014,241,398
01/20/2011,2011,1,20,2614,1971,273,370
01/21/2011,2011,1,21,2200,1670,184,346
01/22/2011,2011,1,22,2308,1719,215,374
01/23/2011,2011,1,23,2213,1543,246,424
01/24/2011,2011,1,24,2561,1860,341,360
01/25/2011,2011,1,25,2684,1951,375,358
01/26/2011,2011,1,26,2432,1881,225,326
01/27/2011,2011,1,27,2530,1902,274,354
01/28/2011,2011,1,28,2787,2127,259,401
01/29/2011,2011,1,29,2492,1913,213,366
01/30/2011,2011,1,30,2226,1662,191,373
01/31/2011,2011,1,31,2616,2015,219,382
02/01/2011,2011,2,32,2507,1896,223,388
02/02/2011,2011,2,33,2217,1687,214,316
02/03/2011,2011,2,34,2675,2040,238,397
02/04/2011,2011,2,35,2833,2150,278,405
02/05/2011,2011,2,36,2506,1890,240,376
02/06/2011,2011,2,37,2230,1647,232,351
02/07/2011,2011,2,38,2750,2009,269,472
02/08/2011,2011,2,39,2593,1972,244,377
02/09/2011,2011,2,40,2582,1988,223,371
02/10/2011,2011,2,41,2584,1988,214,382
02/11/2011,2011,2,42,2642,2049,206,387
02/12/2011,2011,2,43,2359,1755,247,357
02/13/2011,2011,2,44,2196,1653,196,347
02/14/2011,2011,2,45,2523,1897,221,405
02/15/2011,2011,2,46,2489,1907,219,363
02/16/2011,2011,2,47,2574,1949,221,404
02/17/2011,2011,2,48,2571,1975,235,361
02/18/2011,2011,2,49,2832,2120,286,426
02/19/2011,2011,2,50,2404,1819,222,363
02/20/2011,2011,2,51,2011,1455,226,330
02/21/2011,2011,2,52,2079,1557,201,321
02/22/2011,2011,2,53,2336,1782,197,357
02/23/2011,2011,2,54,2397,1836,210,351
02/24/2011,2011,2,55,2335,1781,193,361
02/25/2011,2011,2,56,2345,1767,238,340
02/26/2011,2011,2,57,2334,1770,213,351
02/27/2011,2011,2,58,1886,1389,175,322
02/28/2011,2011,2,59,2409,1821,215,373
03/01/2011,2011,3,60,2625,2061,226,338
03/02/2011,2011,3,61,2454,1924,179,351
03/03/2011,2011,3,62,2471,1900,231,340
03/04/2011,2011,3,63,2553,1972,220,361
03/05/2011,2011,3,64,2520,1842,265,413
03/06/2011,2011,3,65,2175,1600,215,360
03/07/2011,2011,3,66,2456,1887,207,362
03/08/2011,2011,3,67,2479,1887,236,356
03/09/2011,2011,3,68,2553,1960,229,364
03/10/2011,2011,3,69,2403,1852,196,355
03/11/2011,2011,3,70,2617,2001,223,393
03/12/2011,2011,3,71,2359,1763,203,393
03/13/2011,2011,3,72,2030,1538,179,313
03/14/2011,2011,3,73,2523,1910,214,399
03/15/2011,2011,3,74,2442,1887,202,353
03/16/2011,2011,3,75,2354,1816,211,327
03/17/2011,2011,3,76,2635,2036,219,380
03/18/2011,2011,3,77,2836,2171,242,423
03/19/2011,2011,3,78,2325,1804,183,338
03/20/2011,2011,3,79,2335,1760,187,388
03/21/2011,2011,3,80,2339,1746,224,369
03/22/2011,2011,3,81,2507,1945,200,362
03/23/2011,2011,3,82,2489,1914,201,374
03/24/2011,2011,3,83,2442,1870,223,349
03/25/2011,2011,3,84,2575,2054,182,339
03/26/2011,2011,3,85,2285,1741,207,337
03/27/2011,2011,3,86,1993,1500,173,320
03/28/2011,2011,3,87,2442,1885,195,362
03/29/2011,2011,3,88,2480,1914,218,348
03/30/2011,2011,3,89,2588,2083,183,322
03/31/2011,2011,3,90,2485,1965,193,327
04/01/2011,2011,4,91,2509,1931,248,330
04/02/2011,2011,4,92,2392,1814,203,375
04/03/2011,2011,4,93,2234,1685,177,372
04/04/2011,2011,4,94,2448,1861,230,357
04/05/2011,2011,4,95,2619,1989,231,399
04/06/2011,2011,4,96,2583,2016,226,341
04/07/2011,2011,4,97,2590,2029,195,366
04/08/2011,2011,4,98,2615,2036,208,371
04/09/2011,2011,4,99,2559,1949,241,369
04/10/2011,2011,4,100,2199,1664,195,340
04/11/2011,2011,4,101,2649,2022,232,395
04/12/2011,2011,4,102,2462,1963,189,310
04/13/2011,2011,4,103,2294,1801,190,303
04/14/2011,2011,4,104,2589,1972,218,399
04/15/2011,2011,4,105,2651,2072,209,370
04/16/2011,2011,4,106,2308,1768,188,352
04/17/2011,2011,4,107,2194,1606,220,368
04/18/2011,2011,4,108,2387,1727,210,450
04/19/2011,2011,4,109,2383,1812,200,371
04/20/2011,2011,4,110,2301,1743,200,358
04/21/2011,2011,4,111,2424,1835,201,388
04/22/2011,2011,4,112,2523,1893,244,386
04/23/2011,2011,4,113,2175,1657,198,320
04/24/2011,2011,4,114,1978,1462,193,323
04/25/2011,2011,4,115,2367,1822,200,345
04/26/2011,2011,4,116,2414,1891,197,326
04/27/2011,2011,4,117,2634,2061,210,363
04/28/2011,2011,4,118,2726,2179,212,335
04/29/2011,2011,4,119,2989,2322,252,415
04/30/2011,2011,4,120,2562,1967,244,351
05/01/2011,2011,5,121,2354,1818,199,337
05/02/2011,2011,5,122,2630,2024,220,386
05/03/2011,2011,5,123,2606,2042,216,348
05/04/2011,2011,5,124,2675,2093,221,361
05/05/2011,2011,5,125,2691,2061,209,421
05/06/2011,2011,5,126,2946,2309,234,403
05/07/2011,2011,5,127,2560,1933,232,395
05/08/2011,2011,5,128,2232,1654,208,370
05/09/2011,2011,5,129,2641,2081,226,334
05/10/2011,2011,5,130,2520,1949,223,348
05/11/2011,2011,5,131,2624,2086,226,312
05/12/2011,2011,5,132,3256,2672,218,366
05/13/2011,2011,5,133,2993,2310,254,429
05/14/2011,2011,5,134,2499,1908,205,386
05/15/2011,2011,5,135,2116,1601,180,335
05/16/2011,2011,5,136,2426,1846,240,340
05/17/2011,2011,5,137,2436,1886,218,332
05/18/2011,2011,5,138,2643,1996,252,395
05/19/2011,2011,5,139,2799,2124,286,389
05/20/2011,2011,5,140,2925,2269,244,412
05/21/2011,2011,5,141,2511,1932,196,383
05/22/2011,2011,5,142,2116,1565,198,353
05/23/2011,2011,5,143,2550,1948,228,374
05/24/2011,2011,5,144,2850,2150,286,414
05/25/2011,2011,5,145,2965,2238,299,428
05/26/2011,2011,5,146,2908,2252,237,419
05/27/2011,2011,5,147,3034,2286,298,450
05/28/2011,2011,5,148,2441,1873,219,349
05/29/2011,2011,5,149,2479,1863,219,397
05/30/2011,2011,5,150,2287,1730,207,350
05/31/2011,2011,5,151,2764,2157,221,386
06/01/2011,2011,6,152,2820,2090,323,407
06/02/2011,2011,6,153,2740,2116,248,376
06/03/2011,2011,6,154,2868,2223,242,403
06/04/2011,2011,6,155,2676,2059,243,374
06/05/2011,2011,6,156,2365,1795,211,359
06/06/2011,2011,6,157,2704,2123,215,366
06/07/2011,2011,6,158,2634,2024,232,378
06/08/2011,2011,6,159,2849,2187,240,422
06/09/2011,2011,6,160,2562,1914,260,388
06/10/2011,2011,6,161,2738,2077,258,403
06/11/2011,2011,6,162,2479,1878,196,405
06/12/2011,2011,6,163,2190,1565,243,382
06/13/2011,2011,6,164,2690,2084,229,377
06/14/2011,2011,6,165,2397,1871,173,353
06/15/2011,2011,6,166,2748,2133,227,388
06/16/2011,2011,6,167,2707,1988,256,463
06/17/2011,2011,6,168,2511,1944,217,350
06/18/2011,2011,6,169,2922,2089,304,529
06/19/2011,2011,6,170,2259,1707,197,355
06/20/2011,2011,6,171,2690,2019,252,419
06/21/2011,2011,6,172,2752,2100,247,405
06/22/2011,2011,6,173,2508,1938,211,359
06/23/2011,2011,6,174,2429,1815,236,378
06/24/2011,2011,6,175,2564,1986,207,371
06/25/2011,2011,6,176,2391,1816,210,365
06/26/2011,2011,6,177,2462,1799,249,414
06/27/2011,2011,6,178,2679,2040,243,396
06/28/2011,2011,6,179,2902,2229,256,417
06/29/2011,2011,6,180,2834,2214,258,362
06/30/2011,2011,6,181,2808,2213,214,381
07/01/2011,2011,7,182,2903,2282,221,400
07/02/2011,2011,7,183,2737,2130,219,388
07/03/2011,2011,7,184,2647,2040,228,379
07/04/2011,2011,7,185,2974,2280,253,441
07/05/2011,2011,7,186,3040,2325,292,423
07/06/2011,2011,7,187,2777,2094,286,397
07/07/2011,2011,7,188,2867,2160,271,436
07/08/2011,2011,7,189,2641,1989,250,402
07/09/2011,2011,7,190,2586,1936,256,394
07/10/2011,2011,7,191,2496,1905,214,377
07/11/2011,2011,7,192,2832,2132,259,441
07/12/2011,2011,7,193,2776,2099,259,418
07/13/2011,2011,7,194,2643,2027,236,380
07/14/2011,2011,7,195,2749,2096,248,405
07/15/2011,2011,7,196,2787,2152,232,403
07/16/2011,2011,7,197,2704,2081,229,394
07/17/2011,2011,7,198,2481,1912,204,365
07/18/2011,2011,7,199,2606,2049,195,362
07/19/2011,2011,7,200,2799,2094,294,411
07/20/2011,2011,7,201,2758,2112,261,385
07/21/2011,2011,7,202,2807,2089,278,440
07/22/2011,2011,7,203,3055,2190,354,511
07/23/2011,2011,7,204,2733,2032,255,446
07/24/2011,2011,7,205,2374,1839,181,354
07/25/2011,2011,7,206,2549,1948,234,367
07/26/2011,2011,7,207,2687,2047,234,406
07/27/2011,2011,7,208,2725,2070,258,397
07/28/2011,2011,7,209,2886,2213,261,412
07/29/2011,2011,7,210,2678,2091,224,363
07/30/2011,2011,7,211,2715,2045,259,411
07/31/2011,2011,7,212,2428,1831,216,381
08/01/2011,2011,8,213,2727,2118,232,377
08/02/2011,2011,8,214,2667,2004,240,423
08/03/2011,2011,8,215,2876,2216,246,414
08/04/2011,2011,8,216,2902,2204,254,444
08/05/2011,2011,8,217,2715,2062,240,413
08/06/2011,2011,8,218,2613,1917,234,462
08/07/2011,2011,8,219,2192,1572,264,356
08/08/2011,2011,8,220,2747,2014,294,439
08/09/2011,2011,8,221,2624,2017,246,361
08/10/2011,2011,8,222,2500,1886,237,377
08/11/2011,2011,8,223,2873,2159,266,448
08/12/2011,2011,8,224,2760,2092,236,432
08/13/2011,2011,8,225,2585,1917,284,384
08/14/2011,2011,8,226,2233,1656,201,376
08/15/2011,2011,8,227,2353,1772,230,351
08/16/2011,2011,8,228,2613,1967,244,402
08/17/2011,2011,8,229,2715,2068,237,410
08/18/2011,2011,8,230,2677,2055,233,389
08/19/2011,2011,8,231,2813,2114,289,410
08/20/2011,2011,8,232,2747,2084,261,402
08/21/2011,2011,8,233,2372,1759,209,404
08/22/2011,2011,8,234,2617,1981,239,397
08/23/2011,2011,8,235,2618,1948,271,399
08/24/2011,2011,8,236,2615,2068,188,359
08/25/2011,2011,8,237,2635,2007,221,407
08/26/2011,2011,8,238,2884,2261,228,395
08/27/2011,2011,8,239,2574,1915,257,402
08/28/2011,2011,8,240,3150,2148,671,331
08/29/2011,2011,8,241,2800,2137,265,398
08/30/2011,2011,8,242,2684,2062,242,380
08/31/2011,2011,8,243,2797,2180,261,356
09/01/2011,2011,9,244,2789,2201,234,354
09/02/2011,2011,9,245,2749,2153,217,379
09/03/2011,2011,9,246,2641,1970,250,421
09/04/2011,2011,9,247,2462,1822,223,417
09/05/2011,2011,9,248,2260,1680,217,363
09/06/2011,2011,9,249,2524,1854,243,427
09/07/2011,2011,9,250,2432,1826,250,356
09/08/2011,2011,9,251,2701,2056,260,385
09/09/2011,2011,9,252,3036,2361,271,404
09/10/2011,2011,9,253,3005,2281,280,444
09/11/2011,2011,9,254,2511,1901,237,373
09/12/2011,2011,9,255,2590,1999,222,369
09/13/2011,2011,9,256,2750,2076,272,402
09/14/2011,2011,9,257,2757,2105,232,420
09/15/2011,2011,9,258,2872,2228,225,419
09/16/2011,2011,9,259,2981,2301,275,405
09/17/2011,2011,9,260,2689,2022,244,423
09/18/2011,2011,9,261,2411,1820,224,367
09/19/2011,2011,9,262,2724,2051,258,415
09/20/2011,2011,9,263,2573,2004,207,362
09/21/2011,2011,9,264,2914,2263,242,409
09/22/2011,2011,9,265,2961,2275,280,406
09/23/2011,2011,9,266,2930,2210,262,458
09/24/2011,2011,9,267,2791,2078,293,420
09/25/2011,2011,9,268,2506,1865,240,401
09/26/2011,2011,9,269,2817,2188,241,388
09/27/2011,2011,9,270,2833,2196,228,409
09/28/2011,2011,9,271,2907,2259,223,425
09/29/2011,2011,9,272,2740,2114,258,368
09/30/2011,2011,9,273,2725,2119,222,384
10/01/2011,2011,10,274,2774,2100,252,422
10/02/2011,2011,10,275,2344,1764,208,372
10/03/2011,2011,10,276,2676,2083,233,360
10/04/2011,2011,10,277,2749,2069,284,396
10/05/2011,2011,10,278,2633,2046,220,367
10/06/2011,2011,10,279,2772,2148,246,378
10/07/2011,2011,10,280,2820,2155,260,405
10/08/2011,2011,10,281,2761,2094,247,420
10/09/2011,2011,10,282,2393,1745,251,397
10/10/2011,2011,10,283,2490,1851,255,384
10/11/2011,2011,10,284,2622,2047,227,348
10/12/2011,2011,10,285,2620,2017,231,372
10/13/2011,2011,10,286,2711,2038,250,423
10/14/2011,2011,10,287,2923,2231,257,435
10/15/2011,2011,10,288,2720,2054,257,409
10/16/2011,2011,10,289,2354,1783,204,367
10/17/2011,2011,10,290,2778,2106,240,432
10/18/2011,2011,10,291,2795,2152,271,372
10/19/2011,2011,10,292,2604,2009,227,368
10/20/2011,2011,10,293,2721,2088,237,396
10/21/2011,2011,10,294,2726,2152,194,380
10/22/2011,2011,10,295,2654,2064,221,369
10/23/2011,2011,10,296,2359,1797,228,334
10/24/2011,2011,10,297,2731,2136,221,374
10/25/2011,2011,10,298,2564,2040,189,335
10/26/2011,2011,10,299,2726,2088,234,404
10/27/2011,2011,10,300,2602,2045,200,357
10/28/2011,2011,10,301,2973,2342,239,392
10/29/2011,2011,10,302,2545,1923,228,394
10/30/2011,2011,10,303,2289,1765,213,311
10/31/2011,2011,10,304,2710,2132,228,350
11/01/2011,2011,11,305,2627,2020,210,397
11/02/2011,2011,11,306,2714,2108,238,368
11/03/2011,2011,11,307,2664,2081,248,335
11/04/2011,2011,11,308,2839,2209,244,386
11/05/2011,2011,11,309,2505,1916,237,352
11/06/2011,2011,11,310,2304,1700,230,374
11/07/2011,2011,11,311,2725,2102,240,383
11/08/2011,2011,11,312,2753,2098,256,399
11/09/2011,2011,11,313,2691,2059,226,406
11/10/2011,2011,11,314,2585,1969,226,390
11/11/2011,2011,11,315,2503,1900,235,368
11/12/2011,2011,11,316,2468,1883,233,352
11/13/2011,2011,11,317,2302,1753,208,341
11/14/2011,2011,11,318,2611,2008,210,393
11/15/2011,2011,11,319,2580,2049,218,313
11/16/2011,2011,11,320,2758,2107,258,393
11/17/2011,2011,11,321,2534,1965,197,372
11/18/2011,2011,11,322,2621,2063,207,351
11/19/2011,2011,11,323,2552,1946,238,368
11/20/2011,2011,11,324,2495,1889,236,370
11/21/2011,2011,11,325,2585,1989,224,372
11/22/2011,2011,11,326,2567,1982,215,370
11/23/2011,2011,11,327,2408,1854,210,344
11/24/2011,2011,11,328,1435,955,215,265
11/25/2011,2011,11,329,2174,1661,180,333
11/26/2011,2011,11,330,2353,1827,192,334
11/27/2011,2011,11,331,2087,1612,172,303
11/28/2011,2011,11,332,2553,2002,199,352
11/29/2011,2011,11,333,2617,2069,199,349
11/30/2011,2011,11,334,2605,2057,196,352
12/01/2011,2011,12,335,2654,2067,214,373
12/02/2011,2011,12,336,2934,2301,254,379
12/03/2011,2011,12,337,2503,1912,221,370
12/04/2011,2011,12,338,2221,1703,208,310
12/05/2011,2011,12,339,2687,2066,226,395
12/06/2011,2011,12,340,2760,2074,257,429
12/07/2011,2011,12,341,2552,1970,233,349
12/08/2011,2011,12,342,2667,2070,235,362
12/09/2011,2011,12,343,2713,2099,239,375
12/10/2011,2011,12,344,2437,1797,248,392
12/11/2011,2011,12,345,2110,1581,209,320
12/12/2011,2011,12,346,2505,1987,204,314
12/13/2011,2011,12,347,2524,1928,239,357
12/14/2011,2011,12,348,2678,2065,244,369
12/15/2011,2011,12,349,2564,1935,246,383
12/16/2011,2011,12,350,2580,2024,196,360
12/17/2011,2011,12,351,2435,1874,207,354
12/18/2011,2011,12,352,2112,1579,202,331
12/19/2011,2011,12,353,2510,1895,265,350
12/20/2011,2011,12,354,2594,2016,203,375
12/21/2011,2011,12,355,2714,2111,216,387
12/22/2011,2011,12,356,2695,2135,210,350
12/23/2011,2011,12,357,2353,1822,186,345
12/24/2011,2011,12,358,1867,1389,179,299
12/25/2011,2011,12,359,1361,885,170,306
12/26/2011,2011,12,360,1865,1405,158,302
12/27/2011,2011,12,361,2442,1923,200,319
12/28/2011,2011,12,362,2449,1906,193,350
12/29/2011,2011,12,363,2287,1742,203,342
12/30/2011,2011,12,364,2337,1842,173,322
12/31/2011,2011,12,365,2250,1663,209,378
01/01/2012,2012,1,1,2644,1898,253,493
01/02/2012,2012,1,2,2077,1625,165,287
01/03/2012,2012,1,3,2491,1899,231,361
01/04/2012,2012,1,4,2656,2053,238,365
01/05/2012,2012,1,5,3253,2646,241,366
01/06/2012,2012,1,6,2716,2135,226,355
01/07/2012,2012,1,7,2397,1877,193,327
01/08/2012,2012,1,8,2189,1711,175,303
01/09/2012,2012,1,9,2438,1928,196,314
01/10/2012,2012,1,10,2794,2154,209,431
01/11/2012,2012,1,11,2673,2108,187,378
01/12/2012,2012,1,12,2504,1925,210,369
01/13/2012,2012,1,13,2678,2098,223,357
01/14/2012,2012,1,14,2355,1785,226,344
01/15/2012,2012,1,15,2124,1597,195,332
01/16/2012,2012,1,16,2374,1724,265,385
01/17/2012,2012,1,17,2744,2072,262,410
01/18/2012,2012,1,18,2756,2197,209,350
01/19/2012,2012,1,19,2692,2138,208,346
01/20/2012,2012,1,20,2843,2198,231,414
01/21/2012,2012,1,21,2205,1654,221,330
01/22/2012,2012,1,22,2116,1572,208,336
01/23/2012,2012,1,23,2564,1974,224,366
01/24/2012,2012,1,24,2820,2226,219,375
01/25/2012,2012,1,25,2822,2286,201,335
01/26/2012,2012,1,26,2676,2151,198,327
01/27/2012,2012,1,27,2567,1929,235,403
01/28/2012,2012,1,28,2486,1960,196,330
01/29/2012,2012,1,29,2226,1789,149,288
01/30/2012,2012,1,30,2666,2104,218,344
01/31/2012,2012,1,31,2763,2168,233,362
02/01/2012,2012,2,32,2806,2250,209,347
02/02/2012,2012,2,33,2682,2110,200,372
02/03/2012,2012,2,34,2835,2247,229,359
02/04/2012,2012,2,35,2482,1927,198,357
02/05/2012,2012,2,36,2273,1756,187,330
02/06/2012,2012,2,37,2635,2005,209,421
02/07/2012,2012,2,38,2648,2128,197,323
02/08/2012,2012,2,39,2695,2131,206,358
02/09/2012,2012,2,40,2751,2119,226,406
02/10/2012,2012,2,41,2838,2208,229,401
02/11/2012,2012,2,42,2440,1890,187,363
02/12/2012,2012,2,43,2254,1742,195,317
02/13/2012,2012,2,44,2681,2138,198,345
02/14/2012,2012,2,45,2636,2080,196,360
02/15/2012,2012,2,46,2768,2183,205,380
02/16/2012,2012,2,47,2876,2259,232,385
02/17/2012,2012,2,48,2818,2191,217,410
02/18/2012,2012,2,49,2600,1951,211,438
02/19/2012,2012,2,50,2349,1741,199,409
02/20/2012,2012,2,51,2340,1781,204,355
02/21/2012,2012,2,52,2485,1929,208,348
02/22/2012,2012,2,53,2767,2156,231,380
02/23/2012,2012,2,54,2735,2165,207,363
02/24/2012,2012,2,55,2668,2096,216,356
02/25/2012,2012,2,56,2575,1987,224,364
02/26/2012,2012,2,57,2289,1762,177,350
02/27/2012,2012,2,58,2647,2109,188,350
02/28/2012,2012,2,59,2615,2091,190,334
02/29/2012,2012,2,60,2558,2020,194,344
03/01/2012,2012,3,61,2639,2088,199,352
03/02/2012,2012,3,62,2844,2184,249,411
03/03/2012,2012,3,63,2655,1976,255,424
03/04/2012,2012,3,64,2336,1813,181,342
03/05/2012,2012,3,65,2684,2126,212,346
03/06/2012,2012,3,66,2701,2128,206,367
03/07/2012,2012,3,67,2897,2312,223,362
03/08/2012,2012,3,68,3034,2417,219,398
03/09/2012,2012,3,69,2797,2223,205,369
03/10/2012,2012,3,70,2548,1961,224,363
03/11/2012,2012,3,71,2295,1748,219,328
03/12/2012,2012,3,72,2953,2326,226,401
03/13/2012,2012,3,73,3065,2321,303,441
03/14/2012,2012,3,74,2713,2070,271,372
03/15/2012,2012,3,75,2733,2141,219,373
03/16/2012,2012,3,76,2863,2260,238,365
03/17/2012,2012,3,77,3044,2337,263,444
03/18/2012,2012,3,78,2968,2187,257,524
03/19/2012,2012,3,79,2681,2126,208,347
03/20/2012,2012,3,80,2928,2322,223,383
03/21/2012,2012,3,81,2974,2332,229,413
03/22/2012,2012,3,82,3137,2477,238,422
03/23/2012,2012,3,83,3019,2392,226,401
03/24/2012,2012,3,84,2719,2110,207,402
03/25/2012,2012,3,85,2251,1766,166,319
03/26/2012,2012,3,86,2821,2160,256,405
03/27/2012,2012,3,87,2856,2276,255,325
03/28/2012,2012,3,88,2774,2297,169,308
03/29/2012,2012,3,89,2723,2207,157,359
03/30/2012,2012,3,90,2957,2383,207,367
03/31/2012,2012,3,91,2551,1955,215,381
04/01/2012,2012,4,92,2330,1788,198,344
04/02/2012,2012,4,93,2792,2240,202,350
04/03/2012,2012,4,94,3019,2381,252,386
04/04/2012,2012,4,95,3002,2385,215,402
04/05/2012,2012,4,96,2974,2349,217,408
04/06/2012,2012,4,97,2997,2373,201,423
04/07/2012,2012,4,98,2735,2140,214,381
04/08/2012,2012,4,99,2181,1680,181,320
04/09/2012,2012,4,100,2836,2267,222,347
04/10/2012,2012,4,101,3209,2565,239,405
04/11/2012,2012,4,102,3154,2589,224,341
04/12/2012,2012,4,103,2977,2371,239,367
04/13/2012,2012,4,104,3144,2485,238,421
04/14/2012,2012,4,105,2953,2275,252,426
04/15/2012,2012,4,106,2835,2227,221,387
04/16/2012,2012,4,107,3347,2356,316,675
04/17/2012,2012,4,108,3046,2401,253,392
04/18/2012,2012,4,109,2838,2247,227,364
04/19/2012,2012,4,110,2936,2251,285,400
04/20/2012,2012,4,111,3060,2407,272,381
04/21/2012,2012,4,112,2868,2237,255,376
04/22/2012,2012,4,113,2441,1850,216,375
04/23/2012,2012,4,114,2907,2279,248,380
04/24/2012,2012,4,115,2978,2331,252,395
04/25/2012,2012,4,116,2845,2265,197,383
04/26/2012,2012,4,117,2892,2298,229,365
04/27/2012,2012,4,118,3040,2398,248,394
04/28/2012,2012,4,119,2755,2194,202,359
04/29/2012,2012,4,120,2531,1998,194,339
04/30/2012,2012,4,121,2890,2346,201,343
05/01/2012,2012,5,122,2851,2303,208,340
05/02/2012,2012,5,123,2975,2306,276,393
05/03/2012,2012,5,124,2849,2291,186,372
05/04/2012,2012,5,125,3018,2374,253,391
05/05/2012,2012,5,126,2744,2127,247,370
05/06/2012,2012,5,127,2909,2268,224,417
05/07/2012,2012,5,128,2928,2351,195,382
05/08/2012,2012,5,129,2955,2299,271,385
05/09/2012,2012,5,130,2981,2382,214,385
05/10/2012,2012,5,131,2923,2278,274,371
05/11/2012,2012,5,132,3050,2502,197,351
05/12/2012,2012,5,133,3116,2448,236,432
05/13/2012,2012,5,134,2706,2121,222,363
05/14/2012,2012,5,135,3000,2377,219,404
05/15/2012,2012,5,136,2828,2263,211,354
05/16/2012,2012,5,137,3050,2447,228,375
05/17/2012,2012,5,138,3080,2457,238,385
05/18/2012,2012,5,139,3137,2534,211,392
05/19/2012,2012,5,140,2963,2344,245,374
05/20/2012,2012,5,141,2657,2088,191,378
05/21/2012,2012,5,142,2986,2387,219,380
05/22/2012,2012,5,143,2992,2365,233,394
05/23/2012,2012,5,144,3041,2470,214,357
05/24/2012,2012,5,145,3091,2475,232,384
05/25/2012,2012,5,146,3156,2522,228,406
05/26/2012,2012,5,147,3013,2363,238,412
05/27/2012,2012,5,148,2685,2132,208,345
05/28/2012,2012,5,149,2599,2086,180,333
05/29/2012,2012,5,150,3162,2519,236,407
05/30/2012,2012,5,151,3210,2622,209,379
05/31/2012,2012,5,152,3330,2702,233,395
06/01/2012,2012,6,153,3261,2575,252,434
06/02/2012,2012,6,154,2730,2098,231,401
06/03/2012,2012,6,155,2642,2065,208,369
06/04/2012,2012,6,156,2886,2286,223,377
06/05/2012,2012,6,157,2957,2366,221,370
06/06/2012,2012,6,158,3128,2435,268,425
06/07/2012,2012,6,159,3101,2448,233,420
06/08/2012,2012,6,160,3135,2455,275,405
06/09/2012,2012,6,161,2795,2189,194,412
06/10/2012,2012,6,162,2899,2264,223,412
06/11/2012,2012,6,163,2998,2353,253,392
06/12/2012,2012,6,164,2998,2422,209,367
06/13/2012,2012,6,165,2881,2277,232,372
06/14/2012,2012,6,166,3284,2592,276,416
06/15/2012,2012,6,167,3209,2500,262,447
06/16/2012,2012,6,168,2760,2238,181,341
06/17/2012,2012,6,169,2584,2027,195,362
06/18/2012,2012,6,170,3054,2469,197,388
06/19/2012,2012,6,171,3051,2430,218,403
06/20/2012,2012,6,172,3314,2513,323,478
06/21/2012,2012,6,173,3379,2599,289,491
06/22/2012,2012,6,174,3164,2414,296,454
06/23/2012,2012,6,175,3031,2311,284,436
06/24/2012,2012,6,176,2764,2147,203,414
06/25/2012,2012,6,177,2904,2235,267,402
06/26/2012,2012,6,178,2892,2273,225,394
06/27/2012,2012,6,179,3039,2387,239,413
06/28/2012,2012,6,180,3054,2413,230,411
06/29/2012,2012,6,181,3073,2423,240,410
06/30/2012,2012,6,182,3153,2397,284,472
07/01/2012,2012,7,183,2843,2152,228,463
07/02/2012,2012,7,184,2980,2351,233,396
07/03/2012,2012,7,185,3424,2713,248,463
07/04/2012,2012,7,186,3640,2821,275,544
07/05/2012,2012,7,187,3478,2790,244,444
07/06/2012,2012,7,188,3131,2511,236,384
07/07/2012,2012,7,189,2968,2301,250,417
07/08/2012,2012,7,190,2613,2008,227,378
07/09/2012,2012,7,191,3011,2379,228,404
07/10/2012,2012,7,192,2984,2311,231,442
07/11/2012,2012,7,193,2964,2303,241,420
07/12/2012,2012,7,194,3072,2456,222,394
07/13/2012,2012,7,195,3017,2376,235,406
07/14/2012,2012,7,196,2885,2223,246,416
07/15/2012,2012,7,197,2645,1998,231,416
07/16/2012,2012,7,198,3001,2378,229,394
07/17/2012,2012,7,199,3116,2396,272,448
07/18/2012,2012,7,200,2926,2241,277,408
07/19/2012,2012,7,201,3170,2464,269,437
07/20/2012,2012,7,202,3163,2496,229,438
07/21/2012,2012,7,203,2814,2214,211,389
07/22/2012,2012,7,204,2647,2050,206,391
07/23/2012,2012,7,205,2877,2255,232,390
07/24/2012,2012,7,206,3130,2409,281,440
07/25/2012,2012,7,207,3085,2486,224,375
07/26/2012,2012,7,208,2873,2300,194,379
07/27/2012,2012,7,209,3121,2453,249,419
07/28/2012,2012,7,210,2869,2251,195,423
07/29/2012,2012,7,211,2584,2035,190,359
07/30/2012,2012,7,212,2903,2358,204,341
07/31/2012,2012,7,213,2841,2260,210,371
08/01/2012,2012,8,214,3018,2368,257,393
08/02/2012,2012,8,215,3159,2445,257,457
08/03/2012,2012,8,216,3272,2545,241,486
08/04/2012,2012,8,217,3004,2349,223,432
08/05/2012,2012,8,218,2719,2093,226,400
08/06/2012,2012,8,219,2952,2308,244,400
08/07/2012,2012,8,220,2938,2259,256,423
08/08/2012,2012,8,221,3036,2360,251,425
08/09/2012,2012,8,222,3098,2380,269,449
08/10/2012,2012,8,223,2931,2262,260,409
08/11/2012,2012,8,224,2878,2279,221,378
08/12/2012,2012,8,225,2478,1974,173,331
08/13/2012,2012,8,226,2867,2217,219,431
08/14/2012,2012,8,227,3053,2394,249,410
08/15/2012,2012,8,228,2897,2235,257,405
08/16/2012,2012,8,229,3030,2373,248,409
08/17/2012,2012,8,230,3125,2450,231,444
08/18/2012,2012,8,231,2755,2150,223,382
08/19/2012,2012,8,232,2646,2128,162,356
08/20/2012,2012,8,233,2760,2146,219,395
08/21/2012,2012,8,234,2851,2246,225,380
08/22/2012,2012,8,235,2935,2262,258,415
08/23/2012,2012,8,236,3003,2316,255,432
08/24/2012,2012,8,237,3029,2352,250,427
08/25/2012,2012,8,238,2962,2270,237,455
08/26/2012,2012,8,239,2710,2091,216,403
08/27/2012,2012,8,240,2861,2261,204,396
08/28/2012,2012,8,241,2993,2335,248,410
08/29/2012,2012,8,242,2936,2314,235,387
08/30/2012,2012,8,243,2878,2235,247,396
08/31/2012,2012,8,244,3095,2341,287,467
09/01/2012,2012,9,245,3103,2424,258,421
09/02/2012,2012,9,246,2642,2078,217,347
09/03/2012,2012,9,247,2630,2040,229,361
09/04/2012,2012,9,248,2828,2237,223,368
09/05/2012,2012,9,249,2961,2240,299,422
09/06/2012,2012,9,250,3198,2507,247,444
09/07/2012,2012,9,251,3404,2624,288,492
09/08/2012,2012,9,252,3086,2381,280,425
09/09/2012,2012,9,253,2590,1974,235,381
09/10/2012,2012,9,254,3028,2357,267,404
09/11/2012,2012,9,255,3065,2415,248,402
09/12/2012,2012,9,256,3121,2483,234,404
09/13/2012,2012,9,257,3278,2576,252,450
09/14/2012,2012,9,258,3306,2628,249,429
09/15/2012,2012,9,259,3134,2370,278,486
09/16/2012,2012,9,260,2798,2134,240,424
09/17/2012,2012,9,261,2964,2310,250,404
09/18/2012,2012,9,262,3118,2481,250,387
09/19/2012,2012,9,263,3044,2368,285,391
09/20/2012,2012,9,264,3116,2464,231,421
09/21/2012,2012,9,265,3276,2633,225,418
09/22/2012,2012,9,266,3084,2438,229,417
09/23/2012,2012,9,267,2693,2090,234,369
09/24/2012,2012,9,268,3041,2367,269,405
09/25/2012,2012,9,269,3237,2588,256,393
09/26/2012,2012,9,270,3160,2540,220,400
09/27/2012,2012,9,271,3158,2551,214,393
09/28/2012,2012,9,272,3112,2505,221,386
09/29/2012,2012,9,273,2806,2236,220,350
09/30/2012,2012,9,274,2672,2087,211,374
10/01/2012,2012,10,275,2906,2303,219,384
10/02/2012,2012,10,276,3210,2545,233,432
10/03/2012,2012,10,277,3066,2420,230,416
10/04/2012,2012,10,278,3086,2393,266,427
10/05/2012,2012,10,279,3373,2661,245,467
10/06/2012,2012,10,280,2955,2282,248,425
10/07/2012,2012,10,281,2486,1906,220,360
10/08/2012,2012,10,282,2486,1943,185,358
10/09/2012,2012,10,283,3052,2413,257,382
10/10/2012,2012,10,284,3110,2430,260,420
10/11/2012,2012,10,285,3010,2358,232,420
10/12/2012,2012,10,286,2805,2219,223,363
10/13/2012,2012,10,287,2767,2136,217,414
10/14/2012,2012,10,288,2476,1938,173,365
10/15/2012,2012,10,289,3070,2447,240,383
10/16/2012,2012,10,290,3197,2531,238,428
10/17/2012,2012,10,291,2816,2191,243,382
10/18/2012,2012,10,292,3013,2368,236,409
10/19/2012,2012,10,293,3013,2289,274,450
10/20/2012,2012,10,294,3020,2295,300,425
10/21/2012,2012,10,295,2645,2070,189,386
10/22/2012,2012,10,296,2966,2345,224,397
10/23/2012,2012,10,297,2980,2384,224,372
10/24/2012,2012,10,298,2922,2333,213,376
10/25/2012,2012,10,299,3130,2449,252,429
10/26/2012,2012,10,300,3205,2524,239,442
10/27/2012,2012,10,301,3118,2449,248,421
10/28/2012,2012,10,302,2791,2155,220,416
10/29/2012,2012,10,303,2932,2010,583,339
10/30/2012,2012,10,304,2881,2235,239,407
10/31/2012,2012,10,305,3085,2489,209,387
11/01/2012,2012,11,306,3128,2489,224,415
11/02/2012,2012,11,307,2996,2355,237,404
11/03/2012,2012,11,308,2785,2164,224,397
11/04/2012,2012,11,309,2416,1826,214,376
11/05/2012,2012,11,310,2592,2039,190,363
11/06/2012,2012,11,311,2859,2234,244,381
11/07/2012,2012,11,312,2798,2170,228,400
11/08/2012,2012,11,313,2833,2238,201,394
11/09/2012,2012,11,314,3081,2417,241,423
11/10/2012,2012,11,315,2773,2177,223,373
11/11/2012,2012,11,316,2538,1914,220,404
11/12/2012,2012,11,317,2677,2124,209,344
11/13/2012,2012,11,318,2921,2232,279,410
11/14/2012,2012,11,319,2889,2295,216,378
11/15/2012,2012,11,320,2880,2306,202,372
11/16/2012,2012,11,321,3045,2404,235,406
11/17/2012,2012,11,322,2822,2180,235,407
11/18/2012,2012,11,323,2475,1917,207,351
11/19/2012,2012,11,324,2818,2197,237,384
11/20/2012,2012,11,325,2940,2350,210,380
11/21/2012,2012,11,326,2828,2274,230,324
11/22/2012,2012,11,327,1611,1156,187,268
11/23/2012,2012,11,328,2359,1863,173,323
11/24/2012,2012,11,329,2381,1922,193,266
11/25/2012,2012,11,330,2225,1770,167,288
11/26/2012,2012,11,331,2883,2241,240,402
11/27/2012,2012,11,332,2878,2282,214,382
11/28/2012,2012,11,333,2823,2277,192,354
11/29/2012,2012,11,334,2890,2290,239,361
11/30/2012,2012,11,335,2869,2267,207,395
12/01/2012,2012,12,336,2722,2111,209,402
12/02/2012,2012,12,337,2499,1900,219,380
12/03/2012,2012,12,338,2983,2383,232,368
12/04/2012,2012,12,339,2940,2368,209,363
12/05/2012,2012,12,340,3036,2410,229,397
12/06/2012,2012,12,341,2862,2234,213,415
12/07/2012,2012,12,342,2863,2290,220,353
12/08/2012,2012,12,343,2745,2091,252,402
12/09/2012,2012,12,344,2584,2011,197,376
12/10/2012,2012,12,345,2910,2238,244,428
12/11/2012,2012,12,346,2911,2277,238,396
12/12/2012,2012,12,347,2953,2350,208,395
12/13/2012,2012,12,348,2990,2395,219,376
12/14/2012,2012,12,349,3120,2505,224,391
12/15/2012,2012,12,350,2729,2112,239,378
12/16/2012,2012,12,351,2331,1806,191,334
12/17/2012,2012,12,352,2809,2191,244,374
12/18/2012,2012,12,353,3043,2416,230,397
12/19/2012,2012,12,354,2880,2287,216,377
12/20/2012,2012,12,355,2931,2344,209,378
12/21/2012,2012,12,356,3021,2356,256,409
12/22/2012,2012,12,357,2527,2020,164,343
12/23/2012,2012,12,358,2243,1727,190,326
12/24/2012,2012,12,359,2282,1716,209,357
12/25/2012,2012,12,360,1488,989,174,325
12/26/2012,2012,12,361,2345,1847,180,318
12/27/2012,2012,12,362,2642,2035,220,387
12/28/2012,2012,12,363,2710,2114,229,367
12/29/2012,2012,12,364,2526,1902,220,404
12/30/2012,2012,12,365,2148,1613,186,349
12/31/2012,2012,12,366,2688,2022,264,402
01/01/2013,2013,1,1,2903,2153,230,520
01/02/2013,2013,1,2,2698,2101,223,374
01/03/2013,2013,1,3,2771,2151,239,381
01/04/2013,2013,1,4,2941,2246,251,444
01/05/2013,2013,1,5,2540,1938,232,370
01/06/2013,2013,1,6,2325,1783,184,358
01/07/2013,2013,1,7,2879,2188,268,423
01/08/2013,2013,1,8,2905,2270,230,405
01/09/2013,2013,1,9,2805,2144,245,416
01/10/2013,2013,1,10,2811,2156,234,421
01/11/2013,2013,1,11,2855,2163,244,448
01/12/2013,2013,1,12,2574,2004,201,369
01/13/2013,2013,1,13,2387,1848,194,345
01/14/2013,2013,1,14,2959,2293,244,422
01/15/2013,2013,1,15,2791,2219,194,378
01/16/2013,2013,1,16,2699,2154,196,349
01/17/2013,2013,1,17,2778,2112,237,429
01/18/2013,2013,1,18,2924,2330,202,392
01/19/2013,2013,1,19,2622,2035,207,380
01/20/2013,2013,1,20,2455,1880,207,368
01/21/2013,2013,1,21,2314,1782,197,335
01/22/2013,2013,1,22,2649,2050,224,375
01/23/2013,2013,1,23,2699,2076,237,386
01/24/2013,2013,1,24,2927,2188,318,421
01/25/2013,2013,1,25,2842,2220,244,378
01/26/2013,2013,1,26,2573,1985,244,344
01/27/2013,2013,1,27,2393,1875,191,327
01/28/2013,2013,1,28,2710,2097,256,357
01/29/2013,2013,1,29,2859,2248,245,366
01/30/2013,2013,1,30,2906,2213,284,409
01/31/2013,2013,1,31,3112,2381,334,397
02/01/2013,2013,2,32,3040,2428,233,379
02/02/2013,2013,2,33,2698,2090,226,382
02/03/2013,2013,2,34,2365,1848,184,333
02/04/2013,2013,2,35,2687,2110,197,380
02/05/2013,2013,2,36,2728,2161,200,367
02/06/2013,2013,2,37,2716,2157,205,354
02/07/2013,2013,2,38,2816,2271,196,349
02/08/2013,2013,2,39,2564,1923,227,414
02/09/2013,2013,2,40,2489,1649,308,532
02/10/2013,2013,2,41,2775,1945,334,496
02/11/2013,2013,2,42,2957,2266,264,427
02/12/2013,2013,2,43,2863,2244,234,385
02/13/2013,2013,2,44,3083,2370,254,459
02/14/2013,2013,2,45,2937,2261,244,432
02/15/2013,2013,2,46,2888,2248,229,411
02/16/2013,2013,2,47,2561,1991,198,372
02/17/2013,2013,2,48,2298,1697,222,379
02/18/2013,2013,2,49,2258,1764,172,322
02/19/2013,2013,2,50,2678,2066,214,398
02/20/2013,2013,2,51,2419,1890,200,329
02/21/2013,2013,2,52,2647,2077,205,365
02/22/2013,2013,2,53,2633,2046,224,363
02/23/2013,2013,2,54,2517,1953,209,355
02/24/2013,2013,2,55,2111,1651,153,307
02/25/2013,2013,2,56,2661,2085,226,350
02/26/2013,2013,2,57,2667,2121,177,369
02/27/2013,2013,2,58,2658,2051,245,362
02/28/2013,2013,2,59,2752,2191,199,362
03/01/2013,2013,3,60,3028,2379,235,414
03/02/2013,2013,3,61,2661,2046,229,386
03/03/2013,2013,3,62,2418,1829,197,392
03/04/2013,2013,3,63,2674,2070,217,387
03/05/2013,2013,3,64,2671,2068,216,387
03/06/2013,2013,3,65,2642,2069,194,379
03/07/2013,2013,3,66,2480,1916,206,358
03/08/2013,2013,3,67,2666,2032,242,392
03/09/2013,2013,3,68,2598,2024,183,391
03/10/2013,2013,3,69,2549,1954,232,363
03/11/2013,2013,3,70,2885,2277,209,399
03/12/2013,2013,3,71,2771,2178,218,375
03/13/2013,2013,3,72,2977,2325,240,412
03/14/2013,2013,3,73,2692,2144,196,352
03/15/2013,2013,3,74,2975,2353,233,389
03/16/2013,2013,3,75,2843,2210,221,412
03/17/2013,2013,3,76,2906,2159,242,505
03/18/2013,2013,3,77,2651,2067,208,376
03/19/2013,2013,3,78,2452,1908,191,353
03/20/2013,2013,3,79,2859,2187,224,448
03/21/2013,2013,3,80,2749,2144,216,389
03/22/2013,2013,3,81,2784,2193,204,387
03/23/2013,2013,3,82,2646,2109,184,353
03/24/2013,2013,3,83,2430,1887,177,366
03/25/2013,2013,3,84,2903,2298,209,396
03/26/2013,2013,3,85,2820,2218,201,401
03/27/2013,2013,3,86,3003,2359,225,419
03/28/2013,2013,3,87,3105,2439,249,417
03/29/2013,2013,3,88,3047,2454,193,400
03/30/2013,2013,3,89,2851,2273,186,392
03/31/2013,2013,3,90,2303,1772,186,345
04/01/2013,2013,4,91,2876,2278,220,378
04/02/2013,2013,4,92,2901,2290,233,378
04/03/2013,2013,4,93,2938,2324,203,411
04/04/2013,2013,4,94,3019,2342,242,435
04/05/2013,2013,4,95,3043,2416,239,388
04/06/2013,2013,4,96,2788,2131,235,422
04/07/2013,2013,4,97,2541,1968,212,361
04/08/2013,2013,4,98,3044,2395,238,411
04/09/2013,2013,4,99,3034,2372,239,423
04/10/2013,2013,4,100,2960,2344,199,417
04/11/2013,2013,4,101,2898,2268,243,387
04/12/2013,2013,4,102,2850,2313,184,353
04/13/2013,2013,4,103,2698,2151,192,355
04/14/2013,2013,4,104,2604,2000,202,402
04/15/2013,2013,4,105,2883,2051,308,524
04/16/2013,2013,4,106,2747,2161,225,361
04/17/2013,2013,4,107,2813,2154,224,435
04/18/2013,2013,4,108,2680,2116,183,381
04/19/2013,2013,4,109,2735,2075,235,425
04/20/2013,2013,4,110,2582,1983,218,381
04/21/2013,2013,4,111,2393,1802,188,403
04/22/2013,2013,4,112,2765,2151,226,388
04/23/2013,2013,4,113,2612,2010,207,395
04/24/2013,2013,4,114,2817,2197,210,410
04/25/2013,2013,4,115,2897,2273,213,411
04/26/2013,2013,4,116,3087,2413,221,453
04/27/2013,2013,4,117,2868,2228,231,409
04/28/2013,2013,4,118,2627,2006,245,376
04/29/2013,2013,4,119,2857,2253,229,375
04/30/2013,2013,4,120,3035,2371,265,399
05/01/2013,2013,5,121,3119,2479,242,398
05/02/2013,2013,5,122,2999,2347,238,414
05/03/2013,2013,5,123,3174,2515,249,410
05/04/2013,2013,5,124,2902,2255,223,424
05/05/2013,2013,5,125,2477,1881,216,380
05/06/2013,2013,5,126,3051,2431,252,368
05/07/2013,2013,5,127,3235,2528,283,424
05/08/2013,2013,5,128,2974,2307,240,427
05/09/2013,2013,5,129,2912,2247,234,431
05/10/2013,2013,5,130,3229,2525,234,470
05/11/2013,2013,5,131,2989,2253,268,468
05/12/2013,2013,5,132,2694,2108,191,395
05/13/2013,2013,5,133,3161,2509,248,404
05/14/2013,2013,5,134,3024,2367,236,421
05/15/2013,2013,5,135,3025,2344,239,442
05/16/2013,2013,5,136,3194,2504,257,433
05/17/2013,2013,5,137,3190,2457,249,484
05/18/2013,2013,5,138,3069,2374,257,438
05/19/2013,2013,5,139,2732,2078,237,417
05/20/2013,2013,5,140,3187,2513,245,429
05/21/2013,2013,5,141,3096,2461,219,416
05/22/2013,2013,5,142,2980,2345,233,402
05/23/2013,2013,5,143,3061,2371,245,445
05/24/2013,2013,5,144,3120,2426,246,448
05/25/2013,2013,5,145,2608,2072,191,345
05/26/2013,2013,5,146,2618,2106,169,343
05/27/2013,2013,5,147,2581,2045,198,338
05/28/2013,2013,5,148,3187,2499,255,433
05/29/2013,2013,5,149,2936,2307,214,415
05/30/2013,2013,5,150,3390,2641,309,440
05/31/2013,2013,5,151,3470,2638,310,522
06/01/2013,2013,6,152,3206,2495,246,465
06/02/2013,2013,6,153,3193,2434,280,479
06/03/2013,2013,6,154,3265,2528,273,464
06/04/2013,2013,6,155,3317,2574,258,485
06/05/2013,2013,6,156,3180,2486,230,464
06/06/2013,2013,6,157,3206,2571,232,403
06/07/2013,2013,6,158,3015,2417,222,376
06/08/2013,2013,6,159,3061,2439,237,385
06/09/2013,2013,6,160,3402,2668,294,440
06/10/2013,2013,6,161,3064,2352,276,436
06/11/2013,2013,6,162,2860,2234,224,402
06/12/2013,2013,6,163,3001,2350,243,408
06/13/2013,2013,6,164,2795,2181,190,424
06/14/2013,2013,6,165,3091,2486,226,379
06/15/2013,2013,6,166,3252,2491,271,490
06/16/2013,2013,6,167,2808,2181,220,407
06/17/2013,2013,6,168,3115,2408,255,452
06/18/2013,2013,6,169,2915,2244,231,440
06/19/2013,2013,6,170,3061,2441,232,388
06/20/2013,2013,6,171,3118,2360,264,494
06/21/2013,2013,6,172,3123,2414,253,456
06/22/2013,2013,6,173,3125,2430,241,454
06/23/2013,2013,6,174,2810,2141,228,441
06/24/2013,2013,6,175,3280,2582,261,437
06/25/2013,2013,6,176,3346,2648,233,465
06/26/2013,2013,6,177,3292,2575,248,469
06/27/2013,2013,6,178,2976,2410,196,370
06/28/2013,2013,6,179,3187,2450,281,456
06/29/2013,2013,6,180,3134,2491,239,404
06/30/2013,2013,6,181,2932,2286,201,445
07/01/2013,2013,7,182,3037,2423,244,370
07/02/2013,2013,7,183,3077,2517,194,366
07/03/2013,2013,7,184,3273,2600,236,437
07/04/2013,2013,7,185,3556,2837,224,495
07/05/2013,2013,7,186,3413,2669,256,488
07/06/2013,2013,7,187,2912,2301,236,375
07/07/2013,2013,7,188,2655,2024,227,404
07/08/2013,2013,7,189,3101,2449,225,427
07/09/2013,2013,7,190,3080,2458,206,416
07/10/2013,2013,7,191,3159,2473,260,426
07/11/2013,2013,7,192,3187,2516,264,407
07/12/2013,2013,7,193,3189,2522,235,432
07/13/2013,2013,7,194,3043,2393,224,426
07/14/2013,2013,7,195,2933,2315,212,406
07/15/2013,2013,7,196,3211,2514,263,434
07/16/2013,2013,7,197,3092,2408,251,433
07/17/2013,2013,7,198,3351,2608,289,454
07/18/2013,2013,7,199,3376,2636,286,454
07/19/2013,2013,7,200,3490,2625,323,542
07/20/2013,2013,7,201,3118,2389,261,468
07/21/2013,2013,7,202,2970,2347,210,413
07/22/2013,2013,7,203,3084,2372,267,445
07/23/2013,2013,7,204,2950,2277,255,418
07/24/2013,2013,7,205,3350,2607,258,485
07/25/2013,2013,7,206,3073,2407,236,430
07/26/2013,2013,7,207,3007,2368,229,410
07/27/2013,2013,7,208,3132,2448,248,436
07/28/2013,2013,7,209,2782,2170,222,390
07/29/2013,2013,7,210,3042,2379,236,427
07/30/2013,2013,7,211,3245,2514,271,460
07/31/2013,2013,7,212,3308,2562,270,476
08/01/2013,2013,8,213,3114,2472,223,419
08/02/2013,2013,8,214,3234,2556,240,438
08/03/2013,2013,8,215,3116,2397,250,469
08/04/2013,2013,8,216,2901,2249,220,432
08/05/2013,2013,8,217,3031,2413,202,416
08/06/2013,2013,8,218,3193,2536,213,444
08/07/2013,2013,8,219,2899,2297,216,386
08/08/2013,2013,8,220,2996,2341,213,442
08/09/2013,2013,8,221,3163,2411,286,466
08/10/2013,2013,8,222,2986,2378,231,377
08/11/2013,2013,8,223,2966,2340,196,430
08/12/2013,2013,8,224,3056,2427,233,396
08/13/2013,2013,8,225,3160,2491,256,413
08/14/2013,2013,8,226,3049,2402,227,420
08/15/2013,2013,8,227,3017,2381,216,420
08/16/2013,2013,8,228,3122,2448,227,447
08/17/2013,2013,8,229,3066,2338,246,482
08/18/2013,2013,8,230,3055,2453,215,387
08/19/2013,2013,8,231,3053,2366,250,437
08/20/2013,2013,8,232,3083,2387,267,429
08/21/2013,2013,8,233,3257,2609,229,419
08/22/2013,2013,8,234,3066,2383,230,453
08/23/2013,2013,8,235,3013,2386,209,418
08/24/2013,2013,8,236,3106,2333,267,506
08/25/2013,2013,8,237,2701,2119,209,373
08/26/2013,2013,8,238,3001,2356,221,424
08/27/2013,2013,8,239,2926,2292,222,412
08/28/2013,2013,8,240,2998,2395,221,382
08/29/2013,2013,8,241,2932,2327,213,392
08/30/2013,2013,8,242,3221,2551,224,446
08/31/2013,2013,8,243,3003,2404,227,372
09/01/2013,2013,9,244,2873,2226,262,385
09/02/2013,2013,9,245,2944,2292,242,410
09/03/2013,2013,9,246,3137,2457,261,419
09/04/2013,2013,9,247,3466,2746,231,489
09/05/2013,2013,9,248,3143,2433,238,472
09/06/2013,2013,9,249,3228,2621,204,403
09/07/2013,2013,9,250,3037,2370,225,442
09/08/2013,2013,9,251,2716,2073,220,423
09/09/2013,2013,9,252,3022,2410,209,403
09/10/2013,2013,9,253,3170,2446,262,462
09/11/2013,2013,9,254,3426,2651,287,488
09/12/2013,2013,9,255,3105,2430,258,417
09/13/2013,2013,9,256,3167,2448,275,444
09/14/2013,2013,9,257,3118,2440,228,450
09/15/2013,2013,9,258,2908,2294,212,402
09/16/2013,2013,9,259,2999,2434,196,369
09/17/2013,2013,9,260,3094,2442,241,411
09/18/2013,2013,9,261,3136,2459,261,416
09/19/2013,2013,9,262,3118,2463,235,420
09/20/2013,2013,9,263,3231,2552,239,440
09/21/2013,2013,9,264,3139,2517,240,382
09/22/2013,2013,9,265,2840,2161,242,437
09/23/2013,2013,9,266,3004,2380,222,402
09/24/2013,2013,9,267,2909,2344,208,357
09/25/2013,2013,9,268,2899,2308,197,394
09/26/2013,2013,9,269,2922,2334,212,376
09/27/2013,2013,9,270,3101,2458,214,429
09/28/2013,2013,9,271,2979,2271,252,456
09/29/2013,2013,9,272,2597,2046,207,344
09/30/2013,2013,9,273,2907,2298,207,402
10/01/2013,2013,10,274,2952,2306,228,418
10/02/2013,2013,10,275,3049,2423,235,391
10/03/2013,2013,10,276,3117,2425,249,443
10/04/2013,2013,10,277,3155,2485,245,425
10/05/2013,2013,10,278,3039,2309,246,484
10/06/2013,2013,10,279,2641,1968,240,433
10/07/2013,2013,10,280,3083,2329,298,456
10/08/2013,2013,10,281,3307,2595,257,455
10/09/2013,2013,10,282,2986,2354,237,395
10/10/2013,2013,10,283,2994,2345,221,428
10/11/2013,2013,10,284,3044,2424,215,405
10/12/2013,2013,10,285,2743,2114,213,416
10/13/2013,2013,10,286,2556,2003,203,350
10/14/2013,2013,10,287,2550,1926,235,389
10/15/2013,2013,10,288,2951,2361,215,375
10/16/2013,2013,10,289,2948,2329,225,394
10/17/2013,2013,10,290,2988,2316,235,437
10/18/2013,2013,10,291,3101,2465,217,419
10/19/2013,2013,10,292,2684,2068,210,406
10/20/2013,2013,10,293,2348,1787,186,375
10/21/2013,2013,10,294,2939,2297,227,415
10/22/2013,2013,10,295,2970,2360,221,389
10/23/2013,2013,10,296,2824,2224,221,379
10/24/2013,2013,10,297,2765,2174,220,371
10/25/2013,2013,10,298,3040,2420,222,398
10/26/2013,2013,10,299,2919,2281,223,415
10/27/2013,2013,10,300,2461,1933,181,347
10/28/2013,2013,10,301,2839,2254,219,366
10/29/2013,2013,10,302,2754,2150,228,376
10/30/2013,2013,10,303,2701,2100,218,383
10/31/2013,2013,10,304,2978,2289,258,431
11/01/2013,2013,11,305,3271,2530,281,460
11/02/2013,2013,11,306,2931,2180,246,505
11/03/2013,2013,11,307,2515,1917,207,391
11/04/2013,2013,11,308,2808,2164,243,401
11/05/2013,2013,11,309,2967,2291,261,415
11/06/2013,2013,11,310,2797,2244,192,361
11/07/2013,2013,11,311,2771,2208,204,359
11/08/2013,2013,11,312,2958,2286,223,449
11/09/2013,2013,11,313,2605,2012,222,371
11/10/2013,2013,11,314,2325,1800,169,356
11/11/2013,2013,11,315,2384,1881,186,317
11/12/2013,2013,11,316,2668,2138,169,361
11/13/2013,2013,11,317,2796,2221,204,371
11/14/2013,2013,11,318,2745,2140,213,392
11/15/2013,2013,11,319,3042,2335,250,457
11/16/2013,2013,11,320,2660,2057,209,394
11/17/2013,2013,11,321,2447,1854,213,380
11/18/2013,2013,11,322,2776,2142,227,407
11/19/2013,2013,11,323,2743,2174,198,371
11/20/2013,2013,11,324,2864,2278,196,390
11/21/2013,2013,11,325,2785,2200,211,374
11/22/2013,2013,11,326,2985,2236,277,472
11/23/2013,2013,11,327,2578,2014,192,372
11/24/2013,2013,11,328,2317,1753,234,330
11/25/2013,2013,11,329,2720,2117,241,362
11/26/2013,2013,11,330,2705,2128,231,346
11/27/2013,2013,11,331,2870,2150,299,421
11/28/2013,2013,11,332,1574,1125,202,247
11/29/2013,2013,11,333,2440,1854,216,370
11/30/2013,2013,11,334,2520,1993,174,353
12/01/2013,2013,12,335,2344,1793,200,351
12/02/2013,2013,12,336,2890,2289,229,372
12/03/2013,2013,12,337,2819,2233,192,394
12/04/2013,2013,12,338,3040,2350,250,440
12/05/2013,2013,12,339,3111,2427,261,423
12/06/2013,2013,12,340,3151,2449,246,456
12/07/2013,2013,12,341,2699,2058,229,412
12/08/2013,2013,12,342,2441,1950,168,323
12/09/2013,2013,12,343,2674,2120,196,358
12/10/2013,2013,12,344,2788,2212,192,384
12/11/2013,2013,12,345,2980,2345,211,424
12/12/2013,2013,12,346,2814,2177,236,401
12/13/2013,2013,12,347,2926,2240,221,465
12/14/2013,2013,12,348,2579,1964,229,386
12/15/2013,2013,12,349,2358,1728,258,372
12/16/2013,2013,12,350,2751,2078,239,434
12/17/2013,2013,12,351,2883,2223,227,433
12/18/2013,2013,12,352,2905,2340,179,386
12/19/2013,2013,12,353,3051,2435,221,395
12/20/2013,2013,12,354,3106,2373,299,434
12/21/2013,2013,12,355,2737,2116,224,397
12/22/2013,2013,12,356,2434,1878,201,355
12/23/2013,2013,12,357,2655,2072,216,367
12/24/2013,2013,12,358,2319,1740,207,372
12/25/2013,2013,12,359,1474,1045,154,275
12/26/2013,2013,12,360,2313,1764,205,344
12/27/2013,2013,12,361,2564,1979,210,375
12/28/2013,2013,12,362,2447,1928,180,339
12/29/2013,2013,12,363,2160,1638,174,348
12/30/2013,2013,12,364,2548,2026,177,345
12/31/2013,2013,12,365,2837,2178,251,408
01/01/2014,2014,1,1,2893,2242,195,456
01/02/2014,2014,1,2,2496,1822,237,437
01/03/2014,2014,1,3,2388,1660,319,409
01/04/2014,2014,1,4,2643,1772,490,381
01/05/2014,2014,1,5,2574,1830,348,396
01/06/2014,2014,1,6,2978,2168,354,456
01/07/2014,2014,1,7,2933,2255,227,451
01/08/2014,2014,1,8,2853,2202,239,412
01/09/2014,2014,1,9,2800,2132,232,436
01/10/2014,2014,1,10,2918,2195,254,469
01/11/2014,2014,1,11,2617,1945,265,407
01/12/2014,2014,1,12,2427,1833,191,403
01/13/2014,2014,1,13,2771,2165,224,382
01/14/2014,2014,1,14,2643,2038,216,389
01/15/2014,2014,1,15,2801,2181,207,413
01/16/2014,2014,1,16,2917,2280,223,414
01/17/2014,2014,1,17,2987,2359,218,410
01/18/2014,2014,1,18,2687,2008,231,448
01/19/2014,2014,1,19,2283,1765,176,342
01/20/2014,2014,1,20,2505,1958,185,362
01/21/2014,2014,1,21,2689,2075,194,420
01/22/2014,2014,1,22,2487,1937,193,357
01/23/2014,2014,1,23,2784,2185,211,388
01/24/2014,2014,1,24,2953,2318,241,394
01/25/2014,2014,1,25,2848,2135,278,435
01/26/2014,2014,1,26,2476,1890,185,401
01/27/2014,2014,1,27,2842,2219,217,406
01/28/2014,2014,1,28,2686,2200,161,325
01/29/2014,2014,1,29,2789,2230,187,372
01/30/2014,2014,1,30,2754,2234,170,350
01/31/2014,2014,1,31,3066,2412,233,421
02/01/2014,2014,2,32,2733,2147,199,387
02/02/2014,2014,2,33,2493,1900,201,392
02/03/2014,2014,2,34,2816,2205,210,401
02/04/2014,2014,2,35,3049,2382,241,426
02/05/2014,2014,2,36,2393,1863,184,346
02/06/2014,2014,2,37,2971,2354,198,419
02/07/2014,2014,2,38,2961,2329,224,408
02/08/2014,2014,2,39,2623,2010,198,415
02/09/2014,2014,2,40,2450,1903,189,358
02/10/2014,2014,2,41,2830,2224,208,398
02/11/2014,2014,2,42,2764,2219,190,355
02/12/2014,2014,2,43,2918,2342,208,368
02/13/2014,2014,2,44,2721,2098,245,378
02/14/2014,2014,2,45,2821,2205,218,398
02/15/2014,2014,2,46,2655,2023,213,419
02/16/2014,2014,2,47,2368,1874,159,335
02/17/2014,2014,2,48,2584,2028,176,380
02/18/2014,2014,2,49,2705,2124,196,385
02/19/2014,2014,2,50,2861,2286,192,383
02/20/2014,2014,2,51,2821,2127,255,439
02/21/2014,2014,2,52,3013,2315,264,434
02/22/2014,2014,2,53,3004,2302,233,469
02/23/2014,2014,2,54,2657,2079,193,385
02/24/2014,2014,2,55,2970,2376,197,397
02/25/2014,2014,2,56,2801,2224,193,384
02/26/2014,2014,2,57,2883,2273,202,408
02/27/2014,2014,2,58,2800,2276,173,351
02/28/2014,2014,2,59,2988,2329,261,398
03/01/2014,2014,3,60,2827,2225,212,390
03/02/2014,2014,3,61,2347,1875,151,321
03/03/2014,2014,3,62,2730,2198,167,365
03/04/2014,2014,3,63,2957,2372,211,374
03/05/2014,2014,3,64,3012,2345,268,399
03/06/2014,2014,3,65,3021,2402,216,403
03/07/2014,2014,3,66,2975,2333,218,424
03/08/2014,2014,3,67,2996,2294,256,446
03/09/2014,2014,3,68,2499,1981,185,333
03/10/2014,2014,3,69,2888,2270,208,410
03/11/2014,2014,3,70,2957,2369,197,391
03/12/2014,2014,3,71,2987,2364,227,396
03/13/2014,2014,3,72,2824,2219,197,408
03/14/2014,2014,3,73,3053,2459,194,400
03/15/2014,2014,3,74,2974,2294,248,432
03/16/2014,2014,3,75,2761,2117,208,436
03/17/2014,2014,3,76,2687,2091,183,413
03/18/2014,2014,3,77,2801,2230,191,380
03/19/2014,2014,3,78,2881,2276,200,405
03/20/2014,2014,3,79,2807,2232,207,368
03/21/2014,2014,3,80,3001,2374,216,411
03/22/2014,2014,3,81,2684,2031,219,434
03/23/2014,2014,3,82,2465,1954,165,346
03/24/2014,2014,3,83,2940,2329,238,373
03/25/2014,2014,3,84,2796,2207,197,392
03/26/2014,2014,3,85,2791,2220,202,369
03/27/2014,2014,3,86,2912,2237,239,436
03/28/2014,2014,3,87,2889,2263,220,406
03/29/2014,2014,3,88,2701,2042,223,436
03/30/2014,2014,3,89,2508,1911,216,381
03/31/2014,2014,3,90,2814,2253,173,388
04/01/2014,2014,4,91,3018,2420,189,409
04/02/2014,2014,4,92,2938,2269,233,436
04/03/2014,2014,4,93,2941,2278,206,457
04/04/2014,2014,4,94,3086,2421,231,434
04/05/2014,2014,4,95,2833,2202,204,427
04/06/2014,2014,4,96,2699,2129,204,366
04/07/2014,2014,4,97,2873,2286,203,384
04/08/2014,2014,4,98,3063,2351,262,450
04/09/2014,2014,4,99,3007,2388,206,413
04/10/2014,2014,4,100,3024,2363,230,431
04/11/2014,2014,4,101,3150,2448,252,450
04/12/2014,2014,4,102,3101,2424,243,434
04/13/2014,2014,4,103,2737,2140,207,390
04/14/2014,2014,4,104,3244,2541,269,434
04/15/2014,2014,4,105,3099,2456,233,410
04/16/2014,2014,4,106,2899,2292,209,398
04/17/2014,2014,4,107,3051,2383,245,423
04/18/2014,2014,4,108,2951,2378,189,384
04/19/2014,2014,4,109,2875,2267,205,403
04/20/2014,2014,4,110,2598,1989,197,412
04/21/2014,2014,4,111,2795,1933,238,624
